{
    "accuracy": 0.5982532751091703,
    "precision_macro": 0.25981222351787076,
    "recall_macro": 0.2954604918890633,
    "f1_macro": 0.27210268858729636,
    "f1_weighted": 0.5896484916116057
}