{
    "accuracy": 0.611353711790393,
    "precision_macro": 0.3019144807937912,
    "recall_macro": 0.32407770800627944,
    "f1_macro": 0.30681061450421004,
    "f1_weighted": 0.6079215950887074
}