{
    "accuracy": 0.5807860262008734,
    "report": {
        "3": {
            "precision": 0.0,
            "recall": 0.0,
            "f1-score": 0.0,
            "support": 0.0
        },
        "4": {
            "precision": 0.0,
            "recall": 0.0,
            "f1-score": 0.0,
            "support": 6.0
        },
        "5": {
            "precision": 0.7352941176470589,
            "recall": 0.5208333333333334,
            "f1-score": 0.6097560975609756,
            "support": 96.0
        },
        "6": {
            "precision": 0.5714285714285714,
            "recall": 0.6868686868686869,
            "f1-score": 0.6238532110091743,
            "support": 99.0
        },
        "7": {
            "precision": 0.5,
            "recall": 0.5769230769230769,
            "f1-score": 0.5357142857142857,
            "support": 26.0
        },
        "8": {
            "precision": 0.0,
            "recall": 0.0,
            "f1-score": 0.0,
            "support": 2.0
        },
        "accuracy": 0.5807860262008734,
        "macro avg": {
            "precision": 0.3011204481792717,
            "recall": 0.2974375161875162,
            "f1-score": 0.2948872657140726,
            "support": 229.0
        },
        "weighted avg": {
            "precision": 0.6120509339106822,
            "recall": 0.5807860262008734,
            "f1-score": 0.5861424658704513,
            "support": 229.0
        }
    }
}